F,Emily,707
F,Olivia,574
F,Hannah,516
F,Sarah,504
F,Julia,503
F,Emma,501
F,Samantha,473
F,Madison,471
F,Abigail,458
F,Grace,396
F,Elizabeth,372
F,Ashley,341
F,Lauren,317
F,Jessica,315
F,Victoria,297
F,Katherine,278
F,Isabella,274
F,Caroline,270
F,Anna,266
F,Sophia,261
F,Kayla,258
F,Alyssa,250
F,Brianna,248
F,Nicole,234
F,Alexandra,228
F,Erin,228
F,Rachel,228
F,Megan,227
F,Amanda,223
F,Alexis,213
F,Taylor,213
F,Sydney,198
F,Molly,182
F,Allison,179
F,Chloe,178
F,Rebecca,174
F,Jenna,173
F,Jennifer,163
F,Lily,157
F,Catherine,156
F,Haley,154
F,Jillian,146
F,Morgan,145
F,Sara,145
F,Caitlin,144
F,Meghan,142
F,Hailey,141
F,Kaitlyn,141
F,Mackenzie,140
F,Madeline,139
F,Gabrielle,138
F,Natalie,135
F,Stephanie,132
F,Mary,130
F,Margaret,128
F,Mia,116
F,Brooke,114
F,Paige,114
F,Kathryn,113
F,Gabriella,108
F,Isabelle,108
F,Katelyn,106
F,Ava,104
F,Destiny,104
F,Danielle,103
F,Jordan,103
F,Charlotte,102
F,Zoe,102
F,Leah,101
F,Marissa,101
F,Alexa,100
F,Christina,100
F,Amber,99
F,Maria,97
F,Jacqueline,95
F,Arianna,94
F,Michelle,94
F,Jasmine,93
F,Laura,93
F,Ariana,92
F,Courtney,90
F,Gianna,90
F,Kelsey,89
F,Shannon,89
F,Maya,88
F,Sophie,85
F,Kelly,84
F,Lindsey,84
F,Angela,83
F,Isabel,83
F,Lillian,83
F,Melissa,83
F,Sofia,82
F,Vanessa,82
F,Bridget,81
F,Riley,81
F,Faith,80
F,Juliana,80
F,Kaylee,80
F,Makayla,80
F,Alexandria,78
F,Angelina,77
F,Cassandra,75
F,Sabrina,75
F,Maeve,74
F,Michaela,73
F,Claire,72
F,Savannah,72
F,Kylie,71
F,Amy,70
F,Mikayla,70
F,Madelyn,66
F,Casey,65
F,Audrey,64
F,Julianna,64
F,Natalia,64
F,Cassidy,63
F,Alison,62
F,Kimberly,61
F,Lydia,61
F,Kate,59
F,Ella,58
F,Kathleen,58
F,Kiara,57
F,Briana,56
F,Caitlyn,56
F,Mariah,56
F,Andrea,55
F,Lindsay,55
F,Bianca,54
F,Delaney,54
F,Carolyn,53
F,Jade,53
F,Melanie,53
F,Heather,52
F,Jamie,52
F,Trinity,52
F,Carly,51
F,Julie,51
F,Amelia,50
F,Katie,50
F,Autumn,49
F,Erica,49
F,Jada,49
F,Aaliyah,48
F,Alexia,48
F,Alicia,48
F,Jocelyn,48
F,Veronica,48
F,Christine,47
F,Colleen,47
F,Kristen,47
F,Brenna,45
F,Tiffany,45
F,Madeleine,44
F,Bailey,43
F,Eliza,43
F,Adriana,42
F,Alana,42
F,Avery,42
F,Erika,42
F,Eva,42
F,Katrina,42
F,Shelby,42
F,Kaitlin,41
F,Kaleigh,41
F,Meaghan,41
F,Miranda,41
F,Mya,41
F,Nina,41
F,Rachael,41
F,Evelyn,40
F,Fiona,40
F,Skylar,40
F,Abby,39
F,Diana,39
F,Lucy,39
F,Nora,39
F,Ana,38
F,Eleanor,38
F,Elisabeth,38
F,Breanna,37
F,Helen,37
F,Maggie,37
F,Natasha,37
F,Serena,37
F,Sierra,37
F,Talia,37
F,Kristina,36
F,Anastasia,35
F,Camille,35
F,Crystal,35
F,Renee,35
F,Tatiana,35
F,Francesca,34
F,Kyra,34
F,Mckenzie,34
F,Naomi,34
F,Rose,34
F,Sadie,34
F,Vivian,34
F,Gillian,33
F,Hayley,33
F,Payton,33
F,Gabriela,32
F,Holly,32
F,Phoebe,32
F,Rebekah,32
F,Clara,31
F,Nadia,31
F,Tessa,31
F,Elena,30
F,Jordyn,30
F,Kara,30
F,Kendra,30
F,Anne,29
F,Cheyenne,29
F,Claudia,29
F,Elise,29
F,Kiley,29
F,Britney,28
F,Chelsea,28
F,Genevieve,28
F,Kiana,28
F,Allyson,27
F,Brittany,27
F,Tess,27
F,Valerie,27
F,Alanna,26
F,Joanna,26
F,Kailey,26
F,Meredith,26
F,Selena,26
F,Tara,26
F,Adrianna,25
F,Angelica,25
F,Annie,25
F,Ciara,25
F,Felicia,25
F,Hanna,25
F,Hope,25
F,Karina,25
F,Peyton,25
F,Bethany,24
F,Clare,24
F,Cynthia,24
F,Gina,24
F,Jasmin,24
F,Josephine,24
F,Kayleigh,24
F,Lila,24
F,Ruby,24
F,Summer,24
F,Alissa,23
F,Aliyah,23
F,Annabelle,23
F,Celia,23
F,Kasey,23
F,Theresa,23
F,Brenda,22
F,Daniela,22
F,Genesis,22
F,Kira,22
F,Lena,22
F,Marisa,22
F,Nia,22
F,Ainsley,21
F,Alice,21
F,Amaya,21
F,April,21
F,Cecilia,21
F,Dana,21
F,Emilie,21
F,Jenny,21
F,Karen,21
F,Kassandra,21
F,Kendall,21
F,Kirsten,21
F,Lilly,21
F,Nevaeh,21
F,Patricia,21
F,Shayla,21
F,Stella,21
F,Tabitha,21
F,Tiana,21
F,Eileen,20
F,Jayda,20
F,Jessie,20
F,Juliette,20
F,Kiera,20
F,Lucia,20
F,Nancy,20
F,Nayeli,20
F,Skye,20
F,Skyler,20
F,Camryn,19
F,Eve,19
F,Haylee,19
F,India,19
F,Jane,19
F,Janelle,19
F,Katharine,19
F,Maia,19
F,Mariana,19
F,Mckenna,19
F,Sandra,19
F,Shauna,19
F,Teresa,19
F,Athena,18
F,Callie,18
F,Desiree,18
F,Emilee,18
F,Haleigh,18
F,Halle,18
F,Liliana,18
F,Lisa,18
F,Marina,18
F,Raquel,18
F,Tori,18
F,Alivia,17
F,Annika,17
F,Anya,17
F,Daniella,17
F,Esther,17
F,Georgia,17
F,Jaclyn,17
F,Jacquelyn,17
F,Julianne,17
F,Kristin,17
F,Kyla,17
F,Maura,17
F,Miriam,17
F,Monica,17
F,Rylee,17
F,Alisha,16
F,Angel,16
F,Anika,16
F,Ariel,16
F,Cameron,16
F,Devin,16
F,Fatima,16
F,Hailee,16
F,Ivy,16
F,Kianna,16
F,Leslie,16
F,Piper,16
F,Sage,16
F,Sasha,16
F,Sonia,16
F,Ashlee,15
F,Aurora,15
F,Cara,15
F,Carla,15
F,Cecelia,15
F,Daisy,15
F,Dominique,15
F,Giovanna,15
F,Helena,15
F,Kylee,15
F,Monique,15
F,Nathalie,15
F,Noelle,15
F,Savanna,15
F,Tatyana,15
F,Alina,14
F,Angelique,14
F,Caleigh,14
F,Camila,14
F,Cora,14
F,Deanna,14
F,Eliana,14
F,Izabella,14
F,Karla,14
F,Kassidy,14
F,Katelynn,14
F,Kaya,14
F,Kayley,14
F,Kaylin,14
F,Krista,14
F,Krystal,14
F,Lauryn,14
F,Marie,14
F,Meagan,14
F,Melina,14
F,Nyah,14
F,Reagan,14
F,Taina,14
F,Tayla,14
F,Valentina,14
F,Ann,13
F,Annabel,13
F,Antonia,13
F,Ashleigh,13
F,Cindy,13
F,Deborah,13
F,Ellen,13
F,Emilia,13
F,Giselle,13
F,Hallie,13
F,Isabela,13
F,Jaelyn,13
F,Kali,13
F,Kaylyn,13
F,Larissa,13
F,Liana,13
F,Makenna,13
F,Mollie,13
F,Nicolette,13
F,Pamela,13
F,Priscilla,13
F,Regan,13
F,Robyn,13
F,Rosemary,13
F,Ruth,13
F,Ryan,13
F,Tia,13
F,Alisa,12
F,Alyson,12
F,Ashlyn,12
F,Bryanna,12
F,Carissa,12
F,Carolina,12
F,Corinne,12
F,Cristina,12
F,Daphne,12
F,Devon,12
F,Emely,12
F,Gwendolyn,12
F,Ilana,12
F,Iris,12
F,Jaida,12
F,Jill,12
F,Johanna,12
F,Kelsie,12
F,Kyleigh,12
F,Layla,12
F,Leanne,12
F,Lexi,12
F,Macy,12
F,Maddison,12
F,Madyson,12
F,Makenzie,12
F,Mallory,12
F,Marguerite,12
F,Melody,12
F,Rachelle,12
F,Sarina,12
F,Sidney,12
F,Simone,12
F,Taryn,12
F,Tatum,12
F,Violet,12
F,Abbey,11
F,Aimee,11
F,Alejandra,11
F,Alessandra,11
F,Annalise,11
F,Aryana,11
F,Beatrice,11
F,Carina,11
F,Carmen,11
F,Eleni,11
F,Elisa,11
F,Felicity,11
F,Greta,11
F,Hillary,11
F,Hunter,11
F,Irene,11
F,Jaime,11
F,Jayden,11
F,Juliet,11
F,Justine,11
F,Kailyn,11
F,Katlyn,11
F,Laurel,11
F,Leila,11
F,Madisyn,11
F,Neha,11
F,Niamh,11
F,Noor,11
F,Raven,11
F,Reina,11
F,Rylie,11
F,Sharon,11
F,Shayna,11
F,Susan,11
F,Tamara,11
F,Teagan,11
F,Thalia,11
F,Thea,11
F,Tyler,11
F,Wendy,11
F,Alia,10
F,Aliza,10
F,Ally,10
F,Amari,10
F,Angie,10
F,Aria,10
F,Barbara,10
F,Brynn,10
F,Clarissa,10
F,Dorothy,10
F,Elaina,10
F,Ellie,10
F,Emerson,10
F,Imani,10
F,Jayla,10
F,Jazmin,10
F,Joselyn,10
F,Kaley,10
F,Katerina,10
F,Kelley,10
F,Laila,10
F,Lara,10
F,Lia,10
F,Micaela,10
F,Mikaela,10
F,Nathalia,10
F,Paulina,10
F,Quinn,10
F,Shania,10
F,Shea,10
F,Skyla,10
F,Sylvia,10
F,Tanya,10
F,Tianna,10
F,Valeria,10
F,Virginia,10
F,Whitney,10
F,Willow,10
F,Abigale,9
F,Aidan,9
F,Alayna,9
F,Allie,9
F,Aoife,9
F,Ayla,9
F,Beatriz,9
F,Bella,9
F,Brittney,9
F,Cailin,9
F,Christiana,9
F,Dina,9
F,Eden,9
F,Hadley,9
F,Harley,9
F,Janessa,9
F,Jaylene,9
F,Jessalyn,9
F,Jolie,9
F,Judith,9
F,Karissa,9
F,Keira,9
F,Kellie,9
F,Kenya,9
F,Kerry,9
F,Leanna,9
F,Leilani,9
F,Lilian,9
F,Linnea,9
F,Maegan,9
F,Mairead,9
F,Martha,9
F,Natalya,9
F,Nayelis,9
F,Paula,9
F,Ryley,9
F,Salma,9
F,Shivani,9
F,Shyanne,9
F,Siobhan,9
F,Yasmin,9
F,Yasmine,9
F,Adeline,8
F,Adrienne,8
F,Aine,8
F,Alaina,8
F,Anisa,8
F,Ariella,8
F,Asia,8
F,Aubrey,8
F,Brandi,8
F,Brandy,8
F,Bridgette,8
F,Cailey,8
F,Cailyn,8
F,Camilla,8
F,Celina,8
F,Cierra,8
F,Elaine,8
F,Elyse,8
F,Esmeralda,8
F,Gia,8
F,Giulia,8
F,Gwyneth,8
F,Hana,8
F,Iliana,8
F,Ingrid,8
F,Isadora,8
F,Isis,8
F,Janet,8
F,Jazmine,8
F,Joanne,8
F,Joy,8
F,Justice,8
F,Kacie,8
F,Kaitlynn,8
F,Kim,8
F,Lianna,8
F,Linda,8
F,Logan,8
F,Lyndsey,8
F,Macie,8
F,Malia,8
F,Maryam,8
F,Marykate,8
F,Nayely,8
F,Nichole,8
F,Noa,8
F,Rita,8
F,Rory,8
F,Rosa,8
F,Sandy,8
F,Sarai,8
F,Sheila,8
F,Sheridan,8
F,Shirley,8
F,Stacey,8
F,Stephany,8
F,Toni,8
F,Abigayle,7
F,Ada,7
F,Addison,7
F,Aileen,7
F,Aislinn,7
F,Aliya,7
F,Amara,7
F,Anaya,7
F,Anita,7
F,Arielle,7
F,Aryanna,7
F,Asha,7
F,Ayana,7
F,Ayanna,7
F,Beverly,7
F,Breana,7
F,Caileigh,7
F,Cali,7
F,Carlie,7
F,Casandra,7
F,Caterina,7
F,Catrina,7
F,Celeste,7
F,Charlene,7
F,Chiara,7
F,Colette,7
F,Dakota,7
F,Daria,7
F,Deirdre,7
F,Devyn,7
F,Diamond,7
F,Elissa,7
F,Elsie,7
F,Fallon,7
F,Frances,7
F,Giana,7
F,Gloria,7
F,Gracie,7
F,Gwen,7
F,Heidi,7
F,Jacinda,7
F,Jacklyn,7
F,Jaden,7
F,Janae,7
F,Joelle,7
F,Julissa,7
F,Kaila,7
F,Karlie,7
F,Kaylie,7
F,Kennedy,7
F,Kerri,7
F,Keyla,7
F,Lea,7
F,Leticia,7
F,Lexie,7
F,Lilliana,7
F,Lillie,7
F,Mae,7
F,Magdalena,7
F,Marcela,7
F,Marcella,7
F,Margot,7
F,Marley,7
F,Maxine,7
F,Mikaila,7
F,Nadine,7
F,Noelia,7
F,Rayna,7
F,Reilly,7
F,Rhiannon,7
F,Rosalyn,7
F,Stefanie,7
F,Suzanne,7
F,Tamia,7
F,Tanisha,7
F,Tiara,7
F,Tina,7
F,Yesenia,7
F,Yuliana,7
F,Zoie,7
F,Adelaide,6
F,Aisha,6
F,Alannah,6
F,Aline,6
F,Allyssa,6
F,Alondra,6
F,Althea,6
F,Alysha,6
F,Amya,6
F,Amyah,6
F,Anissa,6
F,Annamarie,6
F,Aya,6
F,Brielle,6
F,Brigid,6
F,Bryana,6
F,Carol,6
F,Cassie,6
F,Christy,6
F,Ciera,6
F,Dara,6
F,Darcy,6
F,Deja,6
F,Delia,6
F,Destinee,6
F,Diane,6
F,Emmalee,6
F,Ericka,6
F,Gisselle,6
F,Gretchen,6
F,Hayden,6
F,Haylie,6
F,Heaven,6
F,Jailyn,6
F,Janice,6
F,Jaqueline,6
F,Jaylynn,6
F,Jazmyne,6
F,Jesse,6
F,Jewel,6
F,Joslyn,6
F,Joyce,6
F,Kaela,6
F,Kailee,6
F,Kasandra,6
F,Kiersten,6
F,Kyara,6
F,Lacey,6
F,Lana,6
F,Libby,6
F,Lilli,6
F,Livia,6
F,Liza,6
F,Loren,6
F,Lorena,6
F,Louisa,6
F,Lynn,6
F,Madalyn,6
F,Madilyn,6
F,Mandy,6
F,Maren,6
F,Mari,6
F,Marianna,6
F,Marilyn,6
F,Marin,6
F,Marlene,6
F,Mckayla,6
F,Mira,6
F,Naisha,6
F,Nicola,6
F,Nikki,6
F,Noemi,6
F,Nyasia,6
F,Nyla,6
F,Paola,6
F,Parker,6
F,Robin,6
F,Rosalie,6
F,Rowan,6
F,Ryann,6
F,Sabina,6
F,Samira,6
F,Savanah,6
F,Selina,6
F,Shaelyn,6
F,Shakira,6
F,Shantel,6
F,Sienna,6
F,Taisha,6
F,Tatianna,6
F,Willa,6
F,Aisling,5
F,Aliana,5
F,Alize,5
F,Alycia,5
F,Alysa,5
F,Amani,5
F,Amina,5
F,Anahi,5
F,Anjali,5
F,Annabella,5
F,Annemarie,5
F,Aubree,5
F,Ayah,5
F,Brianne,5
F,Brighid,5
F,Bruna,5
F,Brynne,5
F,Calista,5
F,Candace,5
F,Carrie,5
F,Catalina,5
F,Cayla,5
F,Celine,5
F,Chanel,5
F,Chantel,5
F,Chelsey,5
F,Cheyanne,5
F,Christa,5
F,Colby,5
F,Cori,5
F,Cortney,5
F,Cristal,5
F,Dayna,5
F,Dejah,5
F,Denise,5
F,Divya,5
F,Drew,5
F,Dyanna,5
F,Edith,5
F,Elsa,5
F,Emelia,5
F,Gaia,5
F,Georgianna,5
F,Giuliana,5
F,Harmony,5
F,Hazel,5
F,Imari,5
F,Ivana,5
F,Jaeda,5
F,Jailene,5
F,Janaya,5
F,Janel,5
F,Jaylah,5
F,Jenifer,5
F,Joana,5
F,Jodi,5
F,Johana,5
F,Kacey,5
F,Kaelyn,5
F,Kalina,5
F,Keily,5
F,Kelli,5
F,Kenzie,5
F,Kimberley,5
F,Laisha,5
F,Laryssa,5
F,Leena,5
F,Lesley,5
F,Lexus,5
F,Leyla,5
F,Lilah,5
F,Lina,5
F,Lucie,5
F,Lucille,5
F,Luisa,5
F,Marialuiza,5
F,Mariam,5
F,Marianne,5
F,Mariel,5
F,Marion,5
F,Marisol,5
F,Marlena,5
F,Michaella,5
F,Moriah,5
F,Niya,5
F,Noel,5
F,Penelope,5
F,Precious,5
F,Priya,5
F,Priyanka,5
F,Raina,5
F,Regina,5
F,Rhea,5
F,Rosalee,5
F,Sabine,5
F,Sahana,5
F,Saige,5
F,Samara,5
F,Sana,5
F,Serenity,5
F,Shae,5
F,Shaina,5
F,Shanice,5
F,Shawna,5
F,Shira,5
F,Shreya,5
F,Silvia,5
F,Stacy,5
F,Star,5
F,Stefani,5
F,Susanna,5
F,Sydni,5
F,Therese,5
F,Tiernan,5
F,Tracy,5
F,Unique,5
F,Veronika,5
F,Viviana,5
F,Zara,5
F,Zoey,5
